val_accuracy,val_loss,cm_tp,cm_fn,cm_fp,cm_tn,precision,recall,f1_score
0.7431908845901489,0.8056203722953796,13998,4837,4837,32833,0.7197760924588792,0.7283246325976341,0.7228998888101382
