val_accuracy,val_loss,cm_tp,cm_fn,cm_fp,cm_tn,precision,recall,f1_score
0.7466949820518494,0.6470426917076111,14048,4787,4787,32883,0.7230559296972568,0.7765522535083912,0.7362886677398514
