val_accuracy,val_loss,cm_tp,cm_fn,cm_fp,cm_tn,precision,recall,f1_score
0.7438279986381531,0.8184623718261719,14010,4825,4825,32845,0.7195025075572007,0.728807160672027,0.7232457966347554
