val_accuracy,val_loss,cm_tp,cm_fn,cm_fp,cm_tn,precision,recall,f1_score
0.7479692101478577,0.6404832601547241,14096,4739,4739,32931,0.7249619537707521,0.7762158958657378,0.738369079424331
