val_accuracy,val_loss,cm_tp,cm_fn,cm_fp,cm_tn,precision,recall,f1_score
0.7471197247505188,0.6373070478439331,14125,4710,4710,32960,0.7258431358141881,0.777794898689309,0.7398161488032029
