val_accuracy,val_loss,cm_tp,cm_fn,cm_fp,cm_tn,precision,recall,f1_score
0.7309264540672302,0.9502125978469849,13767,5068,5068,32602,0.7113748795544469,0.7220631427235981,0.7125168404402955
