val_accuracy,val_loss,cm_tp,cm_fn,cm_fp,cm_tn,precision,recall,f1_score
0.7512609362602234,0.6415355801582336,14212,4623,4623,33047,0.7351393250559083,0.794659775514151,0.7469945248762829
