val_accuracy,val_loss,cm_tp,cm_fn,cm_fp,cm_tn,precision,recall,f1_score
0.7591186761856079,0.6556907296180725,14246,4589,4589,33081,0.7354531800251882,0.7949511417791291,0.7492639650930809
