val_accuracy,val_loss,cm_tp,cm_fn,cm_fp,cm_tn,precision,recall,f1_score
0.6731085777282715,0.7171276211738586,12678,6157,6157,31513,0.6447287226637388,0.6630256086956335,0.6503080389324003
